SourceIP,DestinationIP,SourcePort,DestinationPort,Flow'sProtocol,Number of Bytes Sent per Flow,Number of Bytes received per Flow
192.168.43.254,65.55.44.109,13107,443,TCP,32,32
65.55.44.109,192.168.43.254,443,13107,TCP,20,20
192.168.43.254,65.55.44.109,13107,443,TCP,1420,537
192.168.43.254,65.55.44.109,13107,443,TCP,1420,20
65.55.44.109,192.168.43.254,443,13107,TCP,1115,113
65.55.44.109,192.168.43.254,443,13107,TCP,20,1420
65.55.44.109,192.168.43.254,443,13107,TCP,71,425
192.168.43.254,65.55.44.109,13107,443,TCP,20,299
65.55.44.109,192.168.43.254,443,13107,TCP,20,20
192.168.43.254,65.55.44.109,13107,443,TCP,334,51
65.55.44.109,192.168.43.254,443,13107,TCP,20,20
65.55.44.109,192.168.43.254,443,13107,TCP,32,33
192.168.43.254,65.55.44.109,13107,443,TCP,32,20
192.168.43.254,65.55.44.109,13107,443,TCP,41,245
65.55.44.109,192.168.43.254,443,13107,TCP,20,81
65.55.44.109,192.168.43.254,443,13107,TCP,20,20
192.168.43.254,3.14.252.40,13096,443,TCP,20,32
65.55.44.109,192.168.43.254,443,13107,TCP,20,20
65.55.44.109,192.168.43.254,443,13107,TCP,67,268
192.168.43.254,65.55.44.109,13107,443,TCP,32,20
192.168.43.254,65.55.44.109,13107,443,TCP,20,20
192.168.43.254,65.55.44.109,13107,443,TCP,1420,20
65.55.44.109,192.168.43.254,443,13107,TCP,1420,20
65.55.44.109,192.168.43.254,443,13107,TCP,1420,20
192.168.43.254,108.177.119.189,59346,443,UDP,1420,178
108.177.119.189,192.168.43.254,443,59346,UDP,629,20
3.14.252.40,192.168.43.254,443,13096,TCP,20,701
138.199.14.82,192.168.43.254,80,12858,TCP,71,1420
192.168.43.254,138.199.14.82,12858,80,TCP,20,1420
192.168.43.254,3.14.252.40,13104,443,TCP,20,993
3.14.252.40,192.168.43.254,443,13104,TCP,20,20
192.168.43.254,104.27.195.88,12861,443,TCP,20,20
104.27.195.88,192.168.43.254,443,12861,TCP,447,20
104.27.195.88,192.168.43.254,443,12861,TCP,20,51
192.168.43.254,104.27.195.88,12861,443,TCP,20,20
192.168.43.254,20.189.173.7,13108,443,TCP,446,20
20.189.173.7,192.168.43.254,443,13108,TCP,1420,20
192.168.43.254,20.189.173.7,13108,443,TCP,133,20
192.168.43.254,20.189.173.7,13108,443,TCP,1284,20
20.189.173.7,192.168.43.254,443,13108,TCP,58,20
20.189.173.7,192.168.43.254,443,13108,TCP,79,106
192.168.43.254,20.189.173.7,13108,443,TCP,120,20
20.189.173.7,192.168.43.254,443,13108,TCP,388,20
192.168.43.254,20.189.173.7,13108,443,TCP,174,95
20.189.173.7,192.168.43.254,443,13108,TCP,20,32
192.168.43.254,20.189.173.7,13108,443,TCP,155,20
20.189.173.7,192.168.43.254,443,13108,TCP,54,537
192.168.43.254,20.189.173.7,13108,443,TCP,234,20
20.189.173.7,192.168.43.254,443,13108,TCP,42,20
192.168.43.254,20.189.173.7,13108,443,TCP,32,20
192.168.43.254,20.189.173.7,13108,443,TCP,155,20
20.189.173.7,192.168.43.254,443,13108,TCP,20,20
20.189.173.7,192.168.43.254,443,13108,TCP,1420,20
192.168.43.254,20.189.173.7,13108,443,TCP,1259,20
192.168.43.254,20.189.173.7,13108,443,TCP,1420,20
192.168.43.254,20.189.173.7,13108,443,TCP,1099,20
192.168.43.254,20.189.173.7,13108,443,TCP,1420,20
192.168.43.254,20.189.173.7,13108,443,TCP,1067,20
20.189.173.7,192.168.43.254,443,13108,TCP,1420,52
20.189.173.7,192.168.43.254,443,13108,TCP,923,20
20.189.173.7,192.168.43.254,443,13108,TCP,20,33
20.189.173.7,192.168.43.254,443,13108,TCP,1420,20
192.168.43.254,3.14.252.40,13104,443,TCP,1403,33
20.189.173.7,192.168.43.254,443,13108,TCP,1420,20
192.168.43.254,20.189.173.7,13108,443,TCP,1211,33
3.14.252.40,192.168.43.254,443,13104,TCP,1412,611
192.168.43.254,3.14.252.40,13104,443,TCP,1299,1420
192.168.43.254,185.60.216.53,12875,443,TCP,1420,593
185.60.216.53,192.168.43.254,443,12875,TCP,1339,33
185.60.216.53,192.168.43.254,443,12875,TCP,1420,20
185.60.216.53,192.168.43.254,443,12875,TCP,1291,33
185.60.216.53,192.168.43.254,443,12875,TCP,41,33
192.168.43.254,185.60.216.53,12875,443,TCP,1420,33
185.60.216.53,192.168.43.254,443,12875,TCP,1339,20
192.168.43.254,185.60.216.53,12875,443,TCP,41,33
185.60.216.53,192.168.43.254,443,12875,TCP,1420,20
192.168.43.254,185.60.216.53,12875,443,TCP,1099,33
185.60.216.53,192.168.43.254,443,12875,TCP,41,20
192.168.43.254,185.60.216.53,12875,443,TCP,1420,20
185.60.216.53,192.168.43.254,443,12875,TCP,1259,33
192.168.43.254,185.60.216.53,12875,443,TCP,41,20
185.60.216.53,192.168.43.254,443,12875,TCP,41,118
185.60.216.53,192.168.43.254,443,12875,TCP,20,32
192.168.43.254,185.60.216.53,12875,443,TCP,20,20
192.168.43.254,185.60.216.53,12875,443,TCP,20,537
185.60.216.53,192.168.43.254,443,12875,TCP,446,33
185.60.216.53,192.168.43.254,443,12875,TCP,41,20
185.60.216.53,192.168.43.254,443,12875,TCP,41,113
192.168.43.254,185.60.216.53,12875,443,TCP,41,1420
185.60.216.53,192.168.43.254,443,12875,TCP,221,266
192.168.43.254,192.168.43.1,61965,53,UDP,174,20
192.168.43.254,185.60.216.53,12875,443,TCP,41,51
192.168.43.1,192.168.43.254,53,61965,UDP,155,20
192.168.43.254,157.240.20.52,13109,443,TCP,174,21
157.240.20.52,192.168.43.254,443,13109,TCP,41,20
192.168.43.254,157.240.20.52,13109,443,TCP,205,32
192.168.43.254,157.240.20.52,13109,443,TCP,174,20
185.60.216.53,192.168.43.254,443,12875,TCP,287,537
157.240.20.52,192.168.43.254,443,13109,TCP,41,20
192.168.43.254,185.60.216.53,12875,443,TCP,20,84
185.60.216.53,192.168.43.254,443,12875,TCP,51,112
185.60.216.53,192.168.43.254,443,12875,TCP,32,523
192.168.43.254,185.60.216.53,12875,443,TCP,41,20
185.60.216.53,192.168.43.254,443,12875,TCP,20,51
185.60.216.53,192.168.43.254,443,12875,TCP,1420,20
192.168.43.254,185.60.216.53,12875,443,TCP,1420,33
185.60.216.53,192.168.43.254,443,12875,TCP,1115,20
185.60.216.53,192.168.43.254,443,12875,TCP,20,20
192.168.43.254,185.60.216.53,12875,443,TCP,71,20
185.60.216.53,192.168.43.254,443,12875,TCP,20,118
185.60.216.53,192.168.43.254,443,12875,TCP,20,32
192.168.43.254,185.60.216.53,12875,443,TCP,334,20
138.199.14.82,192.168.43.254,80,12858,TCP,20,537
192.168.43.254,138.199.14.82,12858,80,TCP,32,20
185.60.216.53,192.168.43.254,443,12875,TCP,32,20
185.60.216.53,192.168.43.254,443,12875,TCP,32,113
192.168.43.254,185.60.216.53,12875,443,TCP,173,899
185.60.216.53,192.168.43.254,443,12875,TCP,20,20
185.60.216.53,192.168.43.254,443,12875,TCP,32,51
192.168.43.254,185.60.216.53,12875,443,TCP,20,20
185.60.216.53,192.168.43.254,443,12875,TCP,1420,20
185.60.216.53,192.168.43.254,443,12875,TCP,1002,20
192.168.43.254,185.60.216.53,12875,443,TCP,20,146
185.60.216.53,192.168.43.254,443,12875,TCP,20,281
185.60.216.53,192.168.43.254,443,12875,TCP,20,81
192.168.43.254,185.60.216.53,12875,443,TCP,191,20
185.60.216.53,192.168.43.254,443,12875,TCP,100,21
185.60.216.53,192.168.43.254,443,12875,TCP,64,20
192.168.43.254,185.60.216.53,12875,443,TCP,20,21
108.177.119.189,192.168.43.254,443,59346,UDP,41,20
192.168.43.254,108.177.119.189,59346,443,UDP,20,52
185.60.216.53,192.168.43.254,443,12875,TCP,1420,20
185.60.216.53,192.168.43.254,443,12875,TCP,1420,33
192.168.43.254,185.60.216.53,12875,443,TCP,1420,20
192.168.43.254,108.177.119.189,59346,443,UDP,150,33
108.177.119.189,192.168.43.254,443,59346,UDP,173,33
185.60.216.53,192.168.43.254,443,12875,TCP,51,20
185.60.216.53,192.168.43.254,443,12875,TCP,32,20
192.168.43.254,185.60.216.53,12875,443,TCP,20,33
192.168.43.254,108.177.119.189,59346,443,UDP,1420,20
108.177.119.189,192.168.43.254,443,59346,UDP,203,33
185.60.216.53,192.168.43.254,443,12875,TCP,1420,33
185.60.216.53,192.168.43.254,443,12875,TCP,1420,20
192.168.43.254,185.60.216.53,12875,443,TCP,1115,20
192.168.43.254,108.177.119.189,59346,443,UDP,20,33
108.177.119.189,192.168.43.254,443,59346,UDP,71,20
192.168.43.254,108.177.119.189,59346,443,UDP,20,20
192.168.43.254,20.189.173.7,13108,443,TCP,173,20
192.168.43.254,20.189.173.7,13108,443,TCP,334,33
192.168.43.254,20.189.173.7,13108,443,TCP,20,20
20.189.173.7,192.168.43.254,443,13108,TCP,32,20
20.189.173.7,192.168.43.254,443,13108,TCP,32,20
20.189.173.7,192.168.43.254,443,13108,TCP,20,20
108.177.119.189,192.168.43.254,443,59346,UDP,20,20
20.189.173.7,192.168.43.254,443,13108,TCP,20,33
192.168.43.254,20.189.173.7,13108,443,TCP,197,20
192.168.43.254,108.177.119.189,59346,443,UDP,20,32
108.177.119.189,192.168.43.254,443,59346,UDP,20,20
192.168.43.254,108.177.119.189,59346,443,UDP,67,20
108.177.119.189,192.168.43.254,443,59346,UDP,32,537
192.168.43.254,108.177.119.189,59346,443,UDP,173,20
108.177.119.189,192.168.43.254,443,59346,UDP,20,113
185.60.216.53,192.168.43.254,443,12875,TCP,32,1420
185.60.216.53,192.168.43.254,443,12875,TCP,173,424
192.168.43.254,185.60.216.53,12875,443,TCP,41,20
192.168.43.254,108.177.119.189,59346,443,UDP,1420,51
108.177.119.189,192.168.43.254,443,59346,UDP,133,20
185.60.216.53,192.168.43.254,443,12875,TCP,41,33
185.60.216.53,192.168.43.254,443,12875,TCP,173,57
192.168.43.254,185.60.216.53,12875,443,TCP,41,1258
192.168.43.254,108.177.119.189,59346,443,UDP,41,1258
108.177.119.189,192.168.43.254,443,59346,UDP,1420,34
185.60.216.53,192.168.43.254,443,12875,TCP,251,33
185.60.216.53,192.168.43.254,443,12875,TCP,41,630
192.168.43.254,185.60.216.53,12875,443,TCP,173,633
185.60.216.53,192.168.43.254,443,12875,TCP,41,34
192.168.43.254,185.60.216.53,12875,443,TCP,1420,112
192.168.43.254,108.177.119.189,59346,443,UDP,331,52
108.177.119.189,192.168.43.254,443,59346,UDP,41,33
138.199.14.82,192.168.43.254,80,12858,TCP,173,1258
192.168.43.254,138.199.14.82,12858,80,TCP,1420,1258
192.168.43.254,192.168.43.1,60448,53,UDP,283,630
192.168.43.1,192.168.43.254,53,60448,UDP,41,35
192.168.43.254,65.55.44.109,13110,443,TCP,173,37
65.55.44.109,192.168.43.254,443,13110,TCP,1420,112
192.168.43.254,65.55.44.109,13110,443,TCP,331,977
192.168.43.254,65.55.44.109,13110,443,TCP,173,33
192.168.43.254,108.177.119.189,59346,443,UDP,41,33
65.55.44.109,192.168.43.254,443,13110,TCP,1420,57
108.177.119.189,192.168.43.254,443,59346,UDP,315,1258
65.55.44.109,192.168.43.254,443,13110,TCP,173,1258
65.55.44.109,192.168.43.254,443,13110,TCP,1420,630
192.168.43.254,65.55.44.109,13110,443,TCP,283,35
65.55.44.109,192.168.43.254,443,13110,TCP,173,112
192.168.43.254,65.55.44.109,13110,443,TCP,41,33
65.55.44.109,192.168.43.254,443,13110,TCP,173,37
65.55.44.109,192.168.43.254,443,13110,TCP,1420,33
192.168.43.254,65.55.44.109,13110,443,TCP,875,790
192.168.43.254,65.55.44.109,13110,443,TCP,20,173
65.55.44.109,192.168.43.254,443,13110,TCP,32,33
65.55.44.109,192.168.43.254,443,13110,TCP,20,33
65.55.44.109,192.168.43.254,443,13110,TCP,1420,20
65.55.44.109,192.168.43.254,443,13110,TCP,1420,174
192.168.43.254,65.55.44.109,13110,443,TCP,1115,32
192.168.43.254,65.55.44.109,13110,443,TCP,20,20
192.168.43.254,65.55.44.109,13110,443,TCP,71,217
65.55.44.109,192.168.43.254,443,13110,TCP,20,20
65.55.44.109,192.168.43.254,443,13110,TCP,20,20
192.168.43.254,64.233.184.188,12849,443,TCP,334,20
64.233.184.188,192.168.43.254,443,12849,TCP,20,20
185.60.216.53,192.168.43.254,443,12875,TCP,32,20
192.168.43.254,185.60.216.53,12875,443,TCP,41,178
157.240.20.52,192.168.43.254,443,13109,TCP,32,20
192.168.43.254,157.240.20.52,13111,443,TCP,41,553
157.240.20.52,192.168.43.254,443,13111,TCP,41,1420
192.168.43.254,157.240.20.52,13111,443,TCP,1258,521
192.168.43.254,157.240.20.52,13111,443,TCP,84,20
157.240.20.52,192.168.43.254,443,13111,TCP,548,20
157.240.20.52,192.168.43.254,443,13111,TCP,87,35
157.240.20.52,192.168.43.254,443,13111,TCP,41,33
192.168.43.254,157.240.20.52,13111,443,TCP,41,525
192.168.43.254,157.240.20.52,13111,443,TCP,43,268
192.168.43.254,157.240.20.52,13111,443,TCP,36,33
192.168.43.254,157.240.20.52,13111,443,TCP,41,1068
157.240.20.52,192.168.43.254,443,13111,TCP,1258,20
157.240.20.52,192.168.43.254,443,13111,TCP,41,52
157.240.20.52,192.168.43.254,443,13111,TCP,83,33
157.240.20.52,192.168.43.254,443,13111,TCP,87,33
157.240.20.52,192.168.43.254,443,13111,TCP,41,20
192.168.43.254,157.240.20.52,13111,443,TCP,811,33
192.168.43.254,157.240.20.52,13111,443,TCP,42,33
157.240.20.52,192.168.43.254,443,13111,TCP,41,33
157.240.20.52,192.168.43.254,443,13111,TCP,43,81
192.168.43.254,157.240.20.52,13111,443,TCP,41,20
192.168.43.254,108.177.119.189,59346,443,UDP,41,33
108.177.119.189,192.168.43.254,443,59346,UDP,1258,20
40.127.110.237,192.168.43.254,443,13076,TCP,81,33
157.240.20.52,192.168.43.254,443,13111,TCP,86,33
157.240.20.52,192.168.43.254,443,13111,TCP,41,33
192.168.43.254,157.240.20.52,13111,443,TCP,1254,21
157.240.20.52,192.168.43.254,443,13111,TCP,1254,33
157.240.20.52,192.168.43.254,443,13111,TCP,1258,51
192.168.43.254,157.240.20.52,13111,443,TCP,114,20
185.60.216.53,192.168.43.254,443,12875,TCP,41,20
192.168.43.254,185.60.216.53,12875,443,TCP,43,21
192.168.43.254,192.168.43.1,56187,53,UDP,41,20
192.168.43.1,192.168.43.254,53,56187,UDP,41,186
192.168.43.254,65.55.44.109,13112,443,TCP,20,20
65.55.44.109,192.168.43.254,443,13112,TCP,56,56
192.168.43.254,65.55.44.109,13112,443,TCP,56,1258
192.168.43.254,65.55.44.109,13112,443,TCP,32,1258
65.55.44.109,192.168.43.254,443,13112,TCP,20,630
185.60.216.53,192.168.43.254,443,12875,TCP,1420,35
185.60.216.53,192.168.43.254,443,12875,TCP,1420,112
192.168.43.254,185.60.216.53,12875,443,TCP,1420,33
65.55.44.109,192.168.43.254,443,13112,TCP,1420,33
65.55.44.109,192.168.43.254,443,13112,TCP,593,33
192.168.43.254,65.55.44.109,13112,443,TCP,20,21
65.55.44.109,192.168.43.254,443,13112,TCP,71,793
192.168.43.254,65.55.44.109,13112,443,TCP,20,149
65.55.44.109,192.168.43.254,443,13112,TCP,20,33
65.55.44.109,192.168.43.254,443,13112,TCP,20,21
192.168.43.254,65.55.44.109,13112,443,TCP,74,20
65.55.44.109,192.168.43.254,443,13112,TCP,428,119
185.60.216.53,192.168.43.254,443,12875,TCP,1254,32
65.55.44.109,192.168.43.254,443,13112,TCP,664,20
65.55.44.109,192.168.43.254,443,13112,TCP,41,537
192.168.43.254,65.55.44.109,13112,443,TCP,43,32
192.168.43.254,65.55.44.109,13112,443,TCP,41,20
192.168.43.254,65.55.44.109,13112,443,TCP,20,20
65.55.44.109,192.168.43.254,443,13112,TCP,504,84
192.168.43.254,185.60.216.53,12875,443,TCP,41,112
65.55.44.109,192.168.43.254,443,13112,TCP,41,435
138.199.14.82,192.168.43.254,80,12858,TCP,41,51
192.168.43.254,138.199.14.82,12858,80,TCP,41,242
40.114.211.99,192.168.43.254,443,13078,TCP,41,32
192.168.43.254,3.14.252.40,13096,443,TCP,41,32
3.14.252.40,192.168.43.254,443,13096,TCP,41,20
3.14.252.40,192.168.43.254,443,13096,TCP,20,553
192.168.43.254,3.14.252.40,13096,443,TCP,67,20
3.14.252.40,192.168.43.254,443,13096,TCP,20,20
192.168.43.254,104.27.195.88,12861,443,TCP,41,146
104.27.195.88,192.168.43.254,443,12861,TCP,41,119
104.27.195.88,192.168.43.254,443,12861,TCP,41,1420
192.168.43.254,104.27.195.88,12861,443,TCP,32,1262
192.168.43.254,138.199.14.82,12858,80,TCP,41,128
138.199.14.82,192.168.43.254,80,12858,TCP,20,20
185.60.216.53,192.168.43.254,443,12875,TCP,58,553
192.168.43.254,185.60.216.53,12875,443,TCP,173,58
20.185.212.106,192.168.43.254,443,13077,TCP,32,20
192.168.43.254,99.83.135.170,13040,443,TCP,20,20
99.83.135.170,192.168.43.254,443,13040,TCP,20,20
185.60.216.53,192.168.43.254,443,12875,TCP,117,146
192.168.43.254,185.60.216.53,12875,443,TCP,40,20
108.177.119.189,192.168.43.254,443,59346,UDP,1258,20
192.168.43.254,108.177.119.189,59346,443,UDP,86,20
185.60.216.53,192.168.43.254,443,12875,TCP,87,68
185.60.216.53,192.168.43.254,443,12875,TCP,41,1258
192.168.43.254,185.60.216.53,12875,443,TCP,1254,1258
192.168.43.254,108.177.119.189,59346,443,UDP,1147,630
108.177.119.189,192.168.43.254,443,59346,UDP,41,35
185.60.216.53,192.168.43.254,443,12875,TCP,42,112
192.168.43.254,185.60.216.53,12875,443,TCP,43,33
192.168.43.254,108.177.119.189,59346,443,UDP,41,33
108.177.119.189,192.168.43.254,443,59346,UDP,32,1254
192.168.43.254,108.177.119.189,59346,443,UDP,32,632
108.177.119.189,192.168.43.254,443,59346,UDP,115,20
185.60.216.53,192.168.43.254,443,12875,TCP,20,33
185.60.216.53,192.168.43.254,443,12875,TCP,55,32
192.168.43.254,185.60.216.53,12875,443,TCP,55,32
192.168.43.254,108.177.119.189,59346,443,UDP,32,20
185.60.216.53,192.168.43.254,443,12875,TCP,32,509
192.168.43.254,185.60.216.53,12875,443,TCP,20,20
108.177.119.189,192.168.43.254,443,59346,UDP,1420,509
192.168.43.254,108.177.119.189,59346,443,UDP,1420,20
185.60.216.53,192.168.43.254,443,12875,TCP,1420,71
185.60.216.53,192.168.43.254,443,12875,TCP,1420,107
192.168.43.254,185.60.216.53,12875,443,TCP,278,1408
108.177.119.189,192.168.43.254,443,59346,UDP,20,491
192.168.43.254,108.177.119.189,59346,443,UDP,20,58
108.177.119.189,192.168.43.254,443,59346,UDP,20,52
185.60.216.53,192.168.43.254,443,12875,TCP,426,20
192.168.43.254,185.60.216.53,12875,443,TCP,20,20
185.60.216.53,192.168.43.254,443,12875,TCP,49,20
185.60.216.53,192.168.43.254,443,12875,TCP,32,20
192.168.43.254,185.60.216.53,12875,443,TCP,20,178
192.168.43.254,108.177.119.189,59346,443,UDP,1420,107
108.177.119.189,192.168.43.254,443,59346,UDP,1420,515
185.60.216.53,192.168.43.254,443,12875,TCP,1420,20
192.168.43.254,185.60.216.53,12875,443,TCP,1074,58
185.60.216.53,192.168.43.254,443,12875,TCP,20,20
185.60.216.53,192.168.43.254,443,12875,TCP,20,20
192.168.43.254,185.60.216.53,12875,443,TCP,20,58
185.60.216.53,192.168.43.254,443,12875,TCP,20,20
192.168.43.254,185.60.216.53,12875,443,TCP,20,20
192.168.43.254,108.177.119.189,59346,443,UDP,32,294
108.177.119.189,192.168.43.254,443,59346,UDP,20,616
185.60.216.53,192.168.43.254,443,12875,TCP,372,149
185.60.216.53,192.168.43.254,443,12875,TCP,481,20
192.168.43.254,185.60.216.53,12875,443,TCP,20,33
185.60.216.53,192.168.43.254,443,12875,TCP,1420,20
192.168.43.254,185.60.216.53,12875,443,TCP,1420,20
185.60.216.53,192.168.43.254,443,12875,TCP,1420,20
185.60.216.53,192.168.43.254,443,12875,TCP,1074,20
192.168.43.254,185.60.216.53,12875,443,TCP,20,20
185.60.216.53,192.168.43.254,443,12875,TCP,363,20
192.168.43.254,185.60.216.53,12875,443,TCP,20,20
192.168.43.254,108.177.119.189,59346,443,UDP,52,20
185.60.216.53,192.168.43.254,443,12875,TCP,20,62
192.168.43.254,185.60.216.53,12875,443,TCP,1258,20
108.177.119.189,192.168.43.254,443,59346,UDP,87,20
185.60.216.53,192.168.43.254,443,12875,TCP,87,20
185.60.216.53,192.168.43.254,443,12875,TCP,41,20
192.168.43.254,185.60.216.53,12875,443,TCP,844,20
192.168.43.254,65.55.44.109,13113,443,TCP,42,20
138.199.14.82,192.168.43.254,80,12858,TCP,43,20
192.168.43.254,138.199.14.82,12858,80,TCP,41,20
65.55.44.109,192.168.43.254,443,13113,TCP,20,20
192.168.43.254,65.55.44.109,13113,443,TCP,32,20
192.168.43.254,65.55.44.109,13113,443,TCP,20,20
65.55.44.109,192.168.43.254,443,13113,TCP,32,20
65.55.44.109,192.168.43.254,443,13113,TCP,20,20
65.55.44.109,192.168.43.254,443,13113,TCP,170,20
192.168.43.254,65.55.44.109,13113,443,TCP,20,20
65.55.44.109,192.168.43.254,443,13113,TCP,20,20
192.168.43.254,65.55.44.109,13113,443,TCP,20,20
65.55.44.109,192.168.43.254,443,13113,TCP,20,20
65.55.44.109,192.168.43.254,443,13113,TCP,20,20
192.168.43.254,65.55.44.109,13113,443,TCP,1420,20
192.168.43.254,65.55.44.109,13113,443,TCP,1420,20
65.55.44.109,192.168.43.254,443,13113,TCP,1420,20
65.55.44.109,192.168.43.254,443,13113,TCP,1420,33
65.55.44.109,192.168.43.254,443,13113,TCP,1420,20
65.55.44.109,192.168.43.254,443,13113,TCP,56,20
192.168.43.254,65.55.44.109,13113,443,TCP,41,20
192.168.43.254,65.55.44.109,13113,443,TCP,20,20
192.168.43.254,65.55.44.109,13113,443,TCP,20,20
65.55.44.109,192.168.43.254,443,13113,TCP,20,20
192.168.43.254,108.177.119.189,59346,443,UDP,89,1420
65.55.44.109,192.168.43.254,443,13113,TCP,347,857
108.177.119.189,192.168.43.254,443,59346,UDP,415,33
192.168.43.254,192.168.43.1,51022,53,UDP,41,20
192.168.43.254,192.168.43.1,51022,53,UDP,20,20
192.168.43.1,192.168.43.254,53,51022,UDP,1372,33
192.168.43.254,142.250.181.131,60102,443,UDP,58,33
192.168.43.254,142.250.181.131,60102,443,UDP,20,32
192.168.43.254,142.250.181.131,60102,443,UDP,58,652
142.250.181.131,192.168.43.254,443,60102,UDP,20,93
142.250.181.131,192.168.43.254,443,60102,UDP,1420,58
142.250.181.131,192.168.43.254,443,60102,UDP,427,33
142.250.181.131,192.168.43.254,443,60102,UDP,1420,20
142.250.181.131,192.168.43.254,443,60102,UDP,412,20
192.168.43.254,142.250.181.131,60102,443,UDP,1420,257
192.168.43.254,142.250.181.131,60102,443,UDP,1420,20
192.168.43.254,142.250.181.131,60102,443,UDP,1420,20
142.250.181.131,192.168.43.254,443,60102,UDP,1420,20
142.250.181.131,192.168.43.254,443,60102,UDP,1420,178
192.168.43.254,142.250.181.131,60102,443,UDP,1420,107
192.168.43.254,192.168.43.1,61718,53,UDP,1420,1040
192.168.43.254,142.250.181.131,60102,443,UDP,1420,20
142.250.181.131,192.168.43.254,443,60102,UDP,1420,58
192.168.43.1,192.168.43.254,53,61718,UDP,1420,32
192.168.43.254,142.250.181.46,55700,443,UDP,1420,20
192.168.43.254,142.250.181.131,60102,443,UDP,1420,33
192.168.43.254,142.250.181.46,55700,443,UDP,1420,165
142.250.181.131,192.168.43.254,443,60102,UDP,1420,20
142.250.181.46,192.168.43.254,443,55700,UDP,820,251
142.250.181.46,192.168.43.254,443,55700,UDP,20,20
142.250.181.46,192.168.43.254,443,55700,UDP,41,20
192.168.43.254,142.250.181.46,55700,443,UDP,1420,178
192.168.43.254,142.250.181.46,55700,443,UDP,1420,20
192.168.43.254,142.250.181.46,55700,443,UDP,1420,469
142.250.181.46,192.168.43.254,443,55700,UDP,1420,1420
142.250.181.46,192.168.43.254,443,55700,UDP,1420,1420
142.250.181.46,192.168.43.254,443,55700,UDP,1420,1420
192.168.43.254,142.250.181.46,55700,443,UDP,1420,1420
192.168.43.254,142.250.181.46,55700,443,UDP,1420,1014
142.250.181.46,192.168.43.254,443,55700,UDP,1420,20
142.250.181.46,192.168.43.254,443,55700,UDP,1420,20
192.168.43.254,142.250.181.46,55700,443,UDP,1420,20
192.168.43.254,142.250.181.46,55700,443,UDP,1420,20
142.250.181.46,192.168.43.254,443,55700,UDP,1420,20
192.168.43.254,192.168.43.1,62915,53,UDP,1420,20
192.168.43.1,192.168.43.254,53,62915,UDP,1420,20
192.168.43.254,142.250.181.110,49368,443,UDP,1420,51
192.168.43.254,142.250.181.110,49368,443,UDP,1420,20
142.250.181.110,192.168.43.254,443,49368,UDP,1420,33
142.250.181.110,192.168.43.254,443,49368,UDP,1420,118
142.250.181.110,192.168.43.254,443,49368,UDP,1420,32
192.168.43.254,142.250.181.110,49368,443,UDP,1420,20
192.168.43.254,142.250.181.110,49368,443,UDP,1420,537
192.168.43.254,142.250.181.110,49368,443,UDP,1420,20
192.168.43.254,142.250.181.110,49368,443,UDP,1420,113
192.168.43.254,142.250.181.110,49368,443,UDP,1420,659
192.168.43.254,142.250.181.110,49368,443,UDP,1420,1420
142.250.181.110,192.168.43.254,443,49368,UDP,1420,1420
142.250.181.110,192.168.43.254,443,49368,UDP,1420,1420
142.250.181.110,192.168.43.254,443,49368,UDP,1420,1420
142.250.181.110,192.168.43.254,443,49368,UDP,1420,1420
142.250.181.110,192.168.43.254,443,49368,UDP,1420,1420
192.168.43.254,142.250.181.110,49368,443,UDP,895,1420
142.250.181.110,192.168.43.254,443,49368,UDP,20,1420
192.168.43.254,142.250.181.110,49368,443,UDP,20,1420
142.250.181.110,192.168.43.254,443,49368,UDP,20,1420
192.168.43.254,142.250.181.110,49368,443,UDP,20,1420
142.250.181.110,192.168.43.254,443,49368,UDP,41,1004
192.168.43.254,108.177.119.189,59346,443,UDP,20,1420
108.177.119.189,192.168.43.254,443,59346,UDP,20,1420
138.199.14.82,192.168.43.254,80,12858,TCP,20,1420
192.168.43.254,138.199.14.82,12858,80,TCP,20,1420
192.168.43.254,192.168.43.1,57357,53,UDP,1420,1420
192.168.43.254,192.168.43.1,57357,53,UDP,418,1420
192.168.43.1,192.168.43.254,53,57357,UDP,41,1420
192.168.43.254,20.189.173.10,13114,443,TCP,41,1420
20.189.173.10,192.168.43.254,443,13114,TCP,41,1420
192.168.43.254,20.189.173.10,13114,443,TCP,123,1420
192.168.43.254,20.189.173.10,13114,443,TCP,20,221
20.189.173.10,192.168.43.254,443,13114,TCP,20,1420
20.189.173.10,192.168.43.254,443,13114,TCP,20,450
192.168.43.254,20.189.173.10,13114,443,TCP,32,20
20.189.173.10,192.168.43.254,443,13114,TCP,20,20
192.168.43.254,20.189.173.10,13114,443,TCP,404,51
20.189.173.10,192.168.43.254,443,13114,TCP,1420,20
192.168.43.254,20.189.173.10,13114,443,TCP,1420,33
20.189.173.10,192.168.43.254,443,13114,TCP,1420,81
192.168.43.254,20.189.173.10,13114,443,TCP,265,20
20.189.173.10,192.168.43.254,443,13114,TCP,20,100
192.168.43.254,20.189.173.10,13114,443,TCP,20,1420
192.168.43.254,20.189.173.10,13114,443,TCP,20,1420
20.189.173.10,192.168.43.254,443,13114,TCP,41,1420
20.189.173.10,192.168.43.254,443,13114,TCP,140,1420
192.168.43.254,20.189.173.10,13114,443,TCP,20,1420
192.168.43.254,20.189.173.10,13114,443,TCP,58,1420
192.168.43.254,20.189.173.10,13114,443,TCP,32,1420
192.168.43.254,20.189.173.10,13114,443,TCP,20,1420
20.189.173.10,192.168.43.254,443,13114,TCP,20,1420
20.189.173.10,192.168.43.254,443,13114,TCP,1420,1420
20.189.173.10,192.168.43.254,443,13114,TCP,1420,1420
20.189.173.10,192.168.43.254,443,13114,TCP,1420,1004
192.168.43.254,20.189.173.10,13114,443,TCP,1420,1420
20.189.173.10,192.168.43.254,443,13114,TCP,840,1304
192.168.43.254,20.189.173.10,13114,443,TCP,918,58
192.168.43.254,142.250.181.110,49368,443,UDP,20,20
192.168.43.254,142.250.181.110,49368,443,UDP,113,33
142.250.181.110,192.168.43.254,443,49368,UDP,71,175
192.168.43.254,142.250.181.110,49368,443,UDP,20,32
142.250.181.110,192.168.43.254,443,49368,UDP,20,20
142.250.181.110,192.168.43.254,443,49368,UDP,20,224
192.168.43.254,142.250.181.110,49368,443,UDP,20,20
142.250.181.110,192.168.43.254,443,49368,UDP,20,20
192.168.43.254,142.250.181.110,49368,443,UDP,20,20
142.250.181.110,192.168.43.254,443,49368,UDP,1420,20
192.168.43.254,20.189.173.10,13114,443,TCP,1420,20
20.189.173.10,192.168.43.254,443,13114,TCP,1420,20
20.189.173.10,192.168.43.254,443,13114,TCP,1420,146
192.168.43.254,20.189.173.10,13114,443,TCP,1420,107
108.177.119.189,192.168.43.254,443,59346,UDP,1420,361
192.168.43.254,108.177.119.189,59346,443,UDP,1420,20
192.168.43.254,108.177.119.189,59346,443,UDP,1420,20
108.177.119.189,192.168.43.254,443,59346,UDP,1420,58
192.168.43.254,108.177.119.189,59346,443,UDP,1420,105
108.177.119.189,192.168.43.254,443,59346,UDP,1420,20
192.168.43.254,20.189.173.10,13114,443,TCP,1420,196
192.168.43.254,108.177.119.189,59346,443,UDP,846,32
108.177.119.189,192.168.43.254,443,59346,UDP,20,20
192.168.43.254,108.177.119.189,59346,443,UDP,32,226
108.177.119.189,192.168.43.254,443,59346,UDP,32,20
192.168.43.254,108.177.119.189,59346,443,UDP,41,20
108.177.119.189,192.168.43.254,443,59346,UDP,51,20
192.168.43.254,104.27.195.88,12861,443,TCP,32,178
192.168.43.254,108.177.119.189,59346,443,UDP,20,107
104.27.195.88,192.168.43.254,443,12861,TCP,1420,361
104.27.195.88,192.168.43.254,443,12861,TCP,1420,20
192.168.43.254,104.27.195.88,12861,443,TCP,1115,106
108.177.119.189,192.168.43.254,443,59346,UDP,20,20
138.199.14.82,192.168.43.254,80,12858,TCP,20,58
192.168.43.254,138.199.14.82,12858,80,TCP,20,103
192.168.43.254,108.177.119.189,59346,443,UDP,20,20
108.177.119.189,192.168.43.254,443,59346,UDP,20,20
192.168.43.254,108.177.119.189,59346,443,UDP,20,20
108.177.119.189,192.168.43.254,443,59346,UDP,20,110
192.168.43.254,108.177.119.189,59346,443,UDP,20,32
108.177.119.189,192.168.43.254,443,59346,UDP,20,20
192.168.43.254,64.233.184.188,12849,443,TCP,20,20
64.233.184.188,192.168.43.254,443,12849,TCP,20,514
192.168.43.254,108.177.119.189,59346,443,UDP,20,20
108.177.119.189,192.168.43.254,443,59346,UDP,20,20
192.168.43.254,185.60.216.53,12875,443,TCP,20,20
185.60.216.53,192.168.43.254,443,12875,TCP,20,20
185.60.216.53,192.168.43.254,443,12875,TCP,20,178
192.168.43.254,185.60.216.53,12875,443,TCP,20,107
185.60.216.53,192.168.43.254,443,12875,TCP,20,359
192.168.43.254,185.60.216.53,12875,443,TCP,20,20
192.168.43.254,157.240.20.52,13111,443,TCP,20,20
157.240.20.52,192.168.43.254,443,13111,TCP,20,20
138.199.14.82,192.168.43.254,80,12858,TCP,20,58
192.168.43.254,138.199.14.82,12858,80,TCP,20,102
192.168.43.254,3.14.252.40,13096,443,TCP,20,20
3.14.252.40,192.168.43.254,443,13096,TCP,20,32
3.14.252.40,192.168.43.254,443,13096,TCP,71,20
192.168.43.254,3.14.252.40,13096,443,TCP,20,510
192.168.43.254,192.168.43.1,55597,53,UDP,20,99
192.168.43.1,192.168.43.254,53,55597,UDP,164,1420
192.168.43.254,142.250.181.100,52410,443,UDP,334,1420
192.168.43.254,142.250.181.100,52410,443,UDP,20,1420
142.250.181.100,192.168.43.254,443,52410,UDP,32,271
142.250.181.100,192.168.43.254,443,52410,UDP,32,58
142.250.181.100,192.168.43.254,443,52410,UDP,41,20
192.168.43.254,142.250.181.100,52410,443,UDP,20,20
192.168.43.254,142.250.181.100,52410,443,UDP,67,20
192.168.43.254,142.250.181.100,52410,443,UDP,20,20
192.168.43.254,142.250.181.100,52410,443,UDP,20,20
142.250.181.100,192.168.43.254,443,52410,UDP,20,20
192.168.43.254,108.177.119.189,59346,443,UDP,20,33
142.250.181.100,192.168.43.254,443,52410,UDP,20,20
142.250.181.100,192.168.43.254,443,52410,UDP,20,20
142.250.181.100,192.168.43.254,443,52410,UDP,20,20
192.168.43.254,142.250.181.100,52410,443,UDP,20,1258
108.177.119.189,192.168.43.254,443,59346,UDP,20,1258
192.168.43.254,138.199.14.82,12858,80,TCP,20,630
142.250.181.100,192.168.43.254,443,52410,UDP,20,35
192.168.43.254,142.250.181.100,52410,443,UDP,20,37
142.250.181.100,192.168.43.254,443,52410,UDP,20,33
192.168.43.254,142.250.181.100,52410,443,UDP,20,112
138.199.14.82,192.168.43.254,80,12858,TCP,20,33
142.250.181.100,192.168.43.254,443,52410,UDP,20,791
192.168.43.254,99.83.135.170,13040,443,TCP,164,51
99.83.135.170,192.168.43.254,443,13040,TCP,181,33
68.232.34.200,192.168.43.254,443,13079,TCP,41,52
68.232.34.200,192.168.43.254,443,13079,TCP,181,33
192.168.43.254,68.232.34.200,13079,443,TCP,45,36
192.168.43.254,192.168.43.1,55318,53,UDP,32,363
192.168.43.254,192.168.43.1,55318,53,UDP,20,51
192.168.43.1,192.168.43.254,53,55318,UDP,20,33
192.168.43.254,65.9.58.136,13115,443,TCP,1420,21
65.9.58.136,192.168.43.254,443,13115,TCP,1420,79
192.168.43.254,65.9.58.136,13115,443,TCP,1316,32
192.168.43.254,65.9.58.136,13115,443,TCP,1420,33
65.9.58.136,192.168.43.254,443,13115,TCP,1267,20
192.168.43.254,65.9.58.136,13115,443,TCP,20,203
65.9.58.136,192.168.43.254,443,13115,TCP,20,20
65.9.58.136,192.168.43.254,443,13115,TCP,20,32
65.9.58.136,192.168.43.254,443,13115,TCP,181,20
192.168.43.254,65.9.58.136,13115,443,TCP,355,113
65.9.58.136,192.168.43.254,443,13115,TCP,607,198
65.9.58.136,192.168.43.254,443,13115,TCP,20,33
65.9.58.136,192.168.43.254,443,13115,TCP,20,20
192.168.43.254,65.9.58.136,13115,443,TCP,607,20
192.168.43.254,65.9.58.136,13115,443,TCP,47,268
192.168.43.254,65.9.58.136,13115,443,TCP,32,51
192.168.43.254,65.9.58.136,13115,443,TCP,20,20
65.9.58.136,192.168.43.254,443,13115,TCP,1420,20
65.9.58.136,192.168.43.254,443,13115,TCP,1420,33
65.9.58.136,192.168.43.254,443,13115,TCP,1420,20
65.9.58.136,192.168.43.254,443,13115,TCP,1420,20
192.168.43.254,65.9.58.136,13115,443,TCP,767,20
65.9.58.136,192.168.43.254,443,13115,TCP,221,20
192.168.43.254,192.168.43.1,64623,53,UDP,20,178
192.168.43.1,192.168.43.254,53,64623,UDP,20,20
192.168.43.254,3.209.255.103,13116,443,TCP,20,626
192.168.43.254,3.209.255.103,13117,443,TCP,20,1420
3.209.255.103,192.168.43.254,443,13116,TCP,415,581
192.168.43.254,3.209.255.103,13116,443,TCP,606,33
192.168.43.254,3.209.255.103,13116,443,TCP,20,33
3.209.255.103,192.168.43.254,443,13116,TCP,200,20
3.209.255.103,192.168.43.254,443,13116,TCP,20,33
3.209.255.103,192.168.43.254,443,13116,TCP,155,33
192.168.43.254,3.209.255.103,13116,443,TCP,181,33
3.209.255.103,192.168.43.254,443,13116,TCP,235,33
3.209.255.103,192.168.43.254,443,13116,TCP,43,20
192.168.43.254,3.209.255.103,13116,443,TCP,54,34
192.168.43.254,3.209.255.103,13116,443,TCP,234,20
192.168.43.254,3.209.255.103,13116,443,TCP,32,20
192.168.43.254,3.209.255.103,13116,443,TCP,155,21
192.168.43.254,3.209.255.103,13116,443,TCP,20,34
192.168.43.254,3.209.255.103,13116,443,TCP,1420,51
3.209.255.103,192.168.43.254,443,13116,TCP,1420,20
3.209.255.103,192.168.43.254,443,13116,TCP,1420,21
3.209.255.103,192.168.43.254,443,13116,TCP,1420,81
3.209.255.103,192.168.43.254,443,13116,TCP,767,20
3.209.255.103,192.168.43.254,443,13116,TCP,20,35
3.209.255.103,192.168.43.254,443,13117,TCP,20,33
192.168.43.254,3.209.255.103,13117,443,TCP,20,529
192.168.43.254,3.209.255.103,13117,443,TCP,346,147
3.209.255.103,192.168.43.254,443,13117,TCP,89,33
3.209.255.103,192.168.43.254,443,13116,TCP,603,218
192.168.43.254,3.209.255.103,13116,443,TCP,20,32
3.209.255.103,192.168.43.254,443,13116,TCP,20,20
3.209.255.103,192.168.43.254,443,13116,TCP,234,537
192.168.43.254,3.209.255.103,13116,443,TCP,32,20
3.209.255.103,192.168.43.254,443,13117,TCP,20,146
3.209.255.103,192.168.43.254,443,13117,TCP,20,944
192.168.43.254,3.209.255.103,13117,443,TCP,20,20
3.209.255.103,192.168.43.254,443,13117,TCP,20,34
3.209.255.103,192.168.43.254,443,13117,TCP,20,956
192.168.43.254,3.209.255.103,13117,443,TCP,20,20
192.168.43.254,3.209.255.103,13117,443,TCP,20,20
3.209.255.103,192.168.43.254,443,13117,TCP,1420,20
3.209.255.103,192.168.43.254,443,13117,TCP,1420,20
192.168.43.254,3.209.255.103,13117,443,TCP,1420,20
192.168.43.254,157.240.20.52,13111,443,TCP,1420,20
157.240.20.52,192.168.43.254,443,13111,TCP,731,995
192.168.43.254,192.168.43.1,59310,53,UDP,165,1420
157.240.20.52,192.168.43.254,443,13111,TCP,139,1420
192.168.43.254,157.240.20.52,13111,443,TCP,41,1420
192.168.43.1,192.168.43.254,53,59310,UDP,20,1420
192.168.43.254,172.217.21.42,62057,443,UDP,155,1420
192.168.43.254,172.217.21.42,62057,443,UDP,20,1420
172.217.21.42,192.168.43.254,443,62057,UDP,1258,1420
172.217.21.42,192.168.43.254,443,62057,UDP,85,1420
172.217.21.42,192.168.43.254,443,62057,UDP,1258,1420
192.168.43.254,172.217.21.42,62057,443,UDP,41,1420
192.168.43.254,172.217.21.42,62057,443,UDP,1254,1420
192.168.43.254,172.217.21.42,62057,443,UDP,1254,1420
172.217.21.42,192.168.43.254,443,62057,UDP,1258,59
172.217.21.42,192.168.43.254,443,62057,UDP,62,20
172.217.21.42,192.168.43.254,443,62057,UDP,41,20
172.217.21.42,192.168.43.254,443,62057,UDP,41,35
192.168.43.254,172.217.21.42,62057,443,UDP,41,33
172.217.21.42,192.168.43.254,443,62057,UDP,43,526
172.217.21.42,192.168.43.254,443,62057,UDP,41,71
192.168.43.254,172.217.21.42,62057,443,UDP,428,33
192.168.43.254,172.217.21.42,62057,443,UDP,44,302
138.199.14.82,192.168.43.254,80,12858,TCP,41,20
192.168.43.254,138.199.14.82,12858,80,TCP,47,35
172.217.21.42,192.168.43.254,443,62057,UDP,32,545
192.168.43.254,13.107.22.200,13118,443,TCP,47,75
192.168.43.254,13.107.22.200,13119,443,TCP,41,33
13.107.22.200,192.168.43.254,443,13118,TCP,32,51
192.168.43.254,13.107.22.200,13118,443,TCP,20,35
192.168.43.254,13.107.22.200,13118,443,TCP,1420,33
13.107.22.200,192.168.43.254,443,13118,TCP,1147,476
13.107.22.200,192.168.43.254,443,13119,TCP,41,156
192.168.43.254,13.107.22.200,13119,443,TCP,20,33
192.168.43.254,13.107.22.200,13119,443,TCP,20,33
13.107.22.200,192.168.43.254,443,13119,TCP,278,33
13.107.22.200,192.168.43.254,443,13118,TCP,20,33
192.168.43.254,13.107.22.200,13118,443,TCP,20,20
192.168.43.254,13.107.22.200,13118,443,TCP,32,33
192.168.43.254,13.107.22.200,13118,443,TCP,20,20
192.168.43.254,13.107.22.200,13118,443,TCP,1189,33
192.168.43.254,13.107.22.200,13118,443,TCP,41,33
192.168.43.254,13.107.22.200,13118,443,TCP,32,33
13.107.22.200,192.168.43.254,443,13118,TCP,20,33
108.177.119.189,192.168.43.254,443,59346,UDP,20,20
13.107.22.200,192.168.43.254,443,13118,TCP,1420,33
13.107.22.200,192.168.43.254,443,13118,TCP,1420,235
13.107.22.200,192.168.43.254,443,13118,TCP,1420,33
13.107.22.200,192.168.43.254,443,13118,TCP,1420,229
13.107.22.200,192.168.43.254,443,13119,TCP,593,35
192.168.43.254,13.107.22.200,13119,443,TCP,20,33
13.107.22.200,192.168.43.254,443,13119,TCP,41,528
192.168.43.254,13.107.22.200,13119,443,TCP,71,167
13.107.22.200,192.168.43.254,443,13119,TCP,20,33
13.107.22.200,192.168.43.254,443,13119,TCP,20,51
192.168.43.254,13.107.22.200,13119,443,TCP,20,20
13.107.22.200,192.168.43.254,443,13119,TCP,41,84
13.107.22.200,192.168.43.254,443,13119,TCP,447,32
192.168.43.254,13.107.22.200,13119,443,TCP,41,20
192.168.43.254,13.107.22.200,13119,443,TCP,41,616
192.168.43.254,13.107.22.200,13119,443,TCP,41,84
192.168.43.254,13.107.22.200,13118,443,TCP,41,112
192.168.43.254,108.177.119.189,59346,443,UDP,41,1420
13.107.22.200,192.168.43.254,443,13118,TCP,20,1420
13.107.22.200,192.168.43.254,443,13119,TCP,51,531
13.107.22.200,192.168.43.254,443,13119,TCP,20,73
13.107.22.200,192.168.43.254,443,13118,TCP,32,51
192.168.43.254,13.107.22.200,13118,443,TCP,41,20
192.168.43.254,13.107.22.200,13118,443,TCP,20,20
13.107.22.200,192.168.43.254,443,13118,TCP,58,59
192.168.43.254,13.107.22.200,13118,443,TCP,32,20
13.107.22.200,192.168.43.254,443,13119,TCP,20,33
192.168.43.254,13.107.22.200,13119,443,TCP,67,81
192.168.43.254,13.107.22.200,13119,443,TCP,1254,20
192.168.43.254,108.177.119.189,59346,443,UDP,1079,21
13.107.22.200,192.168.43.254,443,13119,TCP,41,73
13.107.22.200,192.168.43.254,443,13118,TCP,43,1258
192.168.43.254,13.107.22.200,13118,443,TCP,41,1258
13.107.22.200,192.168.43.254,443,13118,TCP,56,34
192.168.43.254,13.107.22.200,13118,443,TCP,56,630
192.168.43.254,13.107.22.200,13118,443,TCP,32,421
192.168.43.254,13.107.22.200,13118,443,TCP,20,1254
192.168.43.254,13.107.22.200,13118,443,TCP,1420,112
13.107.22.200,192.168.43.254,443,13118,TCP,1420,240
13.107.22.200,192.168.43.254,443,13119,TCP,1358,33
192.168.43.254,13.107.22.200,13119,443,TCP,20,32
13.107.22.200,192.168.43.254,443,13118,TCP,71,20
108.177.119.189,192.168.43.254,443,59346,UDP,20,20
13.107.22.200,192.168.43.254,443,13118,TCP,41,235
192.168.43.254,13.107.22.200,13118,443,TCP,861,20
13.107.22.200,192.168.43.254,443,13118,TCP,20,20
192.168.43.254,13.107.22.200,13118,443,TCP,1420,178
13.107.22.200,192.168.43.254,443,13118,TCP,1420,107
192.168.43.254,13.107.22.200,13118,443,TCP,1420,450
13.107.22.200,192.168.43.254,443,13118,TCP,1420,58
192.168.43.254,13.107.22.200,13118,443,TCP,1420,20
13.107.22.200,192.168.43.254,443,13118,TCP,1283,51
192.168.43.254,13.107.22.200,13118,443,TCP,1420,33
13.107.22.200,192.168.43.254,443,13118,TCP,299,33
13.107.22.200,192.168.43.254,443,13118,TCP,1420,33
13.107.22.200,192.168.43.254,443,13118,TCP,1420,33
13.107.22.200,192.168.43.254,443,13118,TCP,1420,33
13.107.22.200,192.168.43.254,443,13118,TCP,1420,33
192.168.43.254,13.107.22.200,13118,443,TCP,1420,21
13.107.22.200,192.168.43.254,443,13118,TCP,385,33
13.107.22.200,192.168.43.254,443,13118,TCP,20,33
13.107.22.200,192.168.43.254,443,13118,TCP,20,33
192.168.43.254,13.107.22.200,13118,443,TCP,20,57
13.107.22.200,192.168.43.254,443,13118,TCP,20,21
13.107.22.200,192.168.43.254,443,13118,TCP,20,1258
13.107.22.200,192.168.43.254,443,13118,TCP,20,630
13.107.22.200,192.168.43.254,443,13118,TCP,20,33
13.107.22.200,192.168.43.254,443,13118,TCP,20,34
13.107.22.200,192.168.43.254,443,13118,TCP,20,1258
192.168.43.254,13.107.22.200,13118,443,TCP,20,633
192.168.43.254,13.107.22.200,13118,443,TCP,20,34
13.107.22.200,192.168.43.254,443,13118,TCP,20,112
192.168.43.254,108.177.119.189,59346,443,UDP,20,33
13.107.22.200,192.168.43.254,443,13118,TCP,20,33
192.168.43.254,13.107.22.200,13118,443,TCP,458,51
13.107.22.200,192.168.43.254,443,13118,TCP,20,20
192.168.43.254,13.107.22.200,13118,443,TCP,1254,20
13.107.22.200,192.168.43.254,443,13118,TCP,949,33
192.168.43.254,13.107.22.200,13118,443,TCP,41,20
13.107.22.200,192.168.43.254,443,13118,TCP,43,20
192.168.43.254,13.107.22.200,13118,443,TCP,41,34
13.107.22.200,192.168.43.254,443,13118,TCP,20,186
192.168.43.254,13.107.22.200,13118,443,TCP,1420,20
13.107.22.200,192.168.43.254,443,13118,TCP,50,20
192.168.43.254,13.107.22.200,13118,443,TCP,934,81
13.107.22.200,192.168.43.254,443,13118,TCP,41,20
192.168.43.254,13.107.22.200,13118,443,TCP,43,57
13.107.22.200,192.168.43.254,443,13118,TCP,41,1258
13.107.22.200,192.168.43.254,443,13118,TCP,1254,630
192.168.43.254,13.107.22.200,13118,443,TCP,1258,1258
13.107.22.200,192.168.43.254,443,13118,TCP,1258,35
13.107.22.200,192.168.43.254,443,13118,TCP,290,112
192.168.43.254,13.107.22.200,13118,443,TCP,41,33
13.107.22.200,192.168.43.254,443,13118,TCP,41,37
13.107.22.200,192.168.43.254,443,13118,TCP,41,33
192.168.43.254,13.107.22.200,13118,443,TCP,43,789
13.107.22.200,192.168.43.254,443,13118,TCP,41,211
192.168.43.254,13.107.22.200,13118,443,TCP,41,33
13.107.22.200,192.168.43.254,443,13118,TCP,41,52
192.168.43.254,13.107.22.200,13118,443,TCP,41,52
13.107.22.200,192.168.43.254,443,13118,TCP,20,33
13.107.22.200,192.168.43.254,443,13118,TCP,20,33
13.107.22.200,192.168.43.254,443,13118,TCP,41,75
192.168.43.254,13.107.22.200,13118,443,TCP,41,33
13.107.22.200,192.168.43.254,443,13118,TCP,41,35
13.107.22.200,192.168.43.254,443,13118,TCP,41,1258
13.107.22.200,192.168.43.254,443,13118,TCP,20,524
192.168.43.254,13.107.22.200,13118,443,TCP,41,244
13.107.22.200,192.168.43.254,443,13118,TCP,41,1258
192.168.43.254,13.107.22.200,13118,443,TCP,20,630
13.107.22.200,192.168.43.254,443,13118,TCP,823,35
192.168.43.254,13.107.22.200,13118,443,TCP,20,33
13.107.22.200,192.168.43.254,443,13118,TCP,1254,33
13.107.22.200,192.168.43.254,443,13118,TCP,949,33
192.168.43.254,13.107.22.200,13118,443,TCP,41,33
13.107.22.200,192.168.43.254,443,13118,TCP,43,33
13.107.22.200,192.168.43.254,443,13118,TCP,41,112
192.168.43.254,13.107.22.200,13118,443,TCP,20,33
13.107.22.200,192.168.43.254,443,13118,TCP,58,112
192.168.43.254,13.107.22.200,13118,443,TCP,41,68
13.107.22.200,192.168.43.254,443,13118,TCP,32,763
192.168.43.254,13.107.22.200,13118,443,TCP,20,402
13.107.22.200,192.168.43.254,443,13118,TCP,232,66
192.168.43.254,13.107.22.200,13118,443,TCP,20,33
13.107.22.200,192.168.43.254,443,13118,TCP,20,33
13.107.22.200,192.168.43.254,443,13118,TCP,20,33
192.168.43.254,13.107.22.200,13118,443,TCP,20,33
108.177.119.189,192.168.43.254,443,59346,UDP,20,33
192.168.43.254,3.209.255.103,13117,443,TCP,20,33
192.168.43.254,65.9.58.136,13115,443,TCP,659,20
192.168.43.254,3.209.255.103,13116,443,TCP,20,51
3.209.255.103,192.168.43.254,443,13116,TCP,1364,1258
65.9.58.136,192.168.43.254,443,13115,TCP,244,630
3.209.255.103,192.168.43.254,443,13117,TCP,199,1258
65.9.58.136,192.168.43.254,443,13115,TCP,133,35
192.168.43.254,65.9.58.136,13115,443,TCP,20,112
192.168.43.254,108.177.119.189,59346,443,UDP,20,33
3.209.255.103,192.168.43.254,443,13116,TCP,41,33
192.168.43.254,3.209.255.103,13116,443,TCP,20,20
3.209.255.103,192.168.43.254,443,13117,TCP,67,632
192.168.43.254,3.209.255.103,13117,443,TCP,32,1254
192.168.43.254,13.107.22.200,13118,443,TCP,57,33
192.168.43.254,13.107.22.200,13118,443,TCP,1258,1258
108.177.119.189,192.168.43.254,443,59346,UDP,88,1258
13.107.22.200,192.168.43.254,443,13118,TCP,411,630
13.107.22.200,192.168.43.254,443,13118,TCP,87,35
13.107.22.200,192.168.43.254,443,13118,TCP,41,112
192.168.43.254,13.107.22.200,13118,443,TCP,41,37
13.107.22.200,192.168.43.254,443,13118,TCP,41,33
192.168.43.254,13.107.22.200,13118,443,TCP,43,977
192.168.43.254,108.177.119.189,59346,443,UDP,20,33
108.177.119.189,192.168.43.254,443,59346,UDP,32,33
192.168.43.254,108.177.119.189,59346,443,UDP,20,35
108.177.119.189,192.168.43.254,443,59346,UDP,1420,449
192.168.43.254,108.177.119.189,59346,443,UDP,1420,257
192.168.43.254,52.97.188.66,13120,443,TCP,1420,33
185.60.216.53,192.168.43.254,443,12875,TCP,1420,35
192.168.43.254,13.107.22.200,13118,443,TCP,232,33
192.168.43.254,13.107.22.200,13118,443,TCP,20,524
192.168.43.254,13.107.22.200,13118,443,TCP,140,95
108.177.119.189,192.168.43.254,443,59346,UDP,20,33
13.107.22.200,192.168.43.254,443,13118,TCP,20,20
13.107.22.200,192.168.43.254,443,13118,TCP,20,20
13.107.22.200,192.168.43.254,443,13118,TCP,58,74
192.168.43.254,185.60.216.53,12875,443,TCP,272,20
52.97.188.66,192.168.43.254,443,13120,TCP,41,33
192.168.43.254,52.97.188.66,13120,443,TCP,41,35
192.168.43.254,52.97.188.66,13120,443,TCP,41,448
52.97.188.66,192.168.43.254,443,13120,TCP,41,78
13.107.22.200,192.168.43.254,443,13118,TCP,41,33
192.168.43.254,13.107.22.200,13118,443,TCP,41,21
52.97.188.66,192.168.43.254,443,13120,TCP,41,35
192.168.43.254,52.97.188.66,13120,443,TCP,32,33
52.97.188.66,192.168.43.254,443,13120,TCP,41,528
52.97.188.66,192.168.43.254,443,13120,TCP,41,66
52.97.188.66,192.168.43.254,443,13120,TCP,41,32
192.168.43.254,52.97.188.66,13120,443,TCP,41,33
192.168.43.254,52.97.188.66,13120,443,TCP,41,20
192.168.43.254,52.97.188.66,13120,443,TCP,1258,257
192.168.43.254,52.97.188.66,13120,443,TCP,88,20
52.97.188.66,192.168.43.254,443,13120,TCP,548,178
52.97.188.66,192.168.43.254,443,13120,TCP,32,107
52.97.188.66,192.168.43.254,443,13120,TCP,120,624
192.168.43.254,108.177.119.189,59346,443,UDP,43,20
52.97.188.66,192.168.43.254,443,13120,TCP,41,58
192.168.43.254,52.97.188.66,13120,443,TCP,41,20
192.168.43.254,52.97.188.66,13120,443,TCP,20,32
52.97.188.66,192.168.43.254,443,13120,TCP,20,20
192.168.43.254,20.190.160.7,13121,443,TCP,58,398
52.97.188.66,192.168.43.254,443,13120,TCP,41,20
192.168.43.254,52.97.188.66,13120,443,TCP,41,146
108.177.119.189,192.168.43.254,443,59346,UDP,20,107
192.168.43.254,3.14.252.40,13096,443,TCP,20,248
20.190.160.7,192.168.43.254,443,13121,TCP,20,20
192.168.43.254,20.190.160.7,13121,443,TCP,121,20
192.168.43.254,20.190.160.7,13121,443,TCP,20,58
20.190.160.7,192.168.43.254,443,13121,TCP,20,20
3.14.252.40,192.168.43.254,443,13096,TCP,67,167
20.190.160.7,192.168.43.254,443,13121,TCP,41,35
20.190.160.7,192.168.43.254,443,13121,TCP,1258,447
192.168.43.254,20.190.160.7,13121,443,TCP,83,179
20.190.160.7,192.168.43.254,443,13121,TCP,120,33
20.190.160.7,192.168.43.254,443,13121,TCP,1254,20
192.168.43.254,20.190.160.7,13121,443,TCP,1254,33
20.190.160.7,192.168.43.254,443,13121,TCP,1258,21
192.168.43.254,20.190.160.7,13121,443,TCP,60,35
52.97.188.66,192.168.43.254,443,13120,TCP,41,33
192.168.43.254,52.97.188.66,13120,443,TCP,43,525
20.190.160.7,192.168.43.254,443,13121,TCP,41,177
3.14.252.40,192.168.43.254,443,13096,TCP,41,33
20.190.160.7,192.168.43.254,443,13121,TCP,42,35
192.168.43.254,20.190.160.7,13121,443,TCP,41,33
192.168.43.254,20.190.160.7,13121,443,TCP,41,525
192.168.43.254,20.190.160.7,13121,443,TCP,41,162
192.168.43.254,20.190.160.7,13121,443,TCP,840,33
192.168.43.254,20.190.160.7,13121,443,TCP,59,362
192.168.43.254,20.190.160.7,13121,443,TCP,1258,52
192.168.43.254,3.14.252.40,13096,443,TCP,82,33
20.190.160.7,192.168.43.254,443,13121,TCP,41,81
20.190.160.7,192.168.43.254,443,13121,TCP,43,20
20.190.160.7,192.168.43.254,443,13121,TCP,87,33
20.190.160.7,192.168.43.254,443,13121,TCP,41,33
20.190.160.7,192.168.43.254,443,13121,TCP,1254,51
20.190.160.7,192.168.43.254,443,13121,TCP,1254,20
20.190.160.7,192.168.43.254,443,13121,TCP,494,33
20.190.160.7,192.168.43.254,443,13121,TCP,918,20
192.168.43.254,20.190.160.7,13121,443,TCP,41,33
20.190.160.7,192.168.43.254,443,13121,TCP,41,32
20.190.160.7,192.168.43.254,443,13121,TCP,42,33
20.190.160.7,192.168.43.254,443,13121,TCP,41,20
192.168.43.254,20.190.160.7,13121,443,TCP,41,616
20.190.160.7,192.168.43.254,443,13121,TCP,41,84
192.168.43.254,20.190.160.7,13121,443,TCP,41,112
20.190.160.7,192.168.43.254,443,13121,TCP,43,1420
20.190.160.7,192.168.43.254,443,13121,TCP,43,697
20.190.160.7,192.168.43.254,443,13121,TCP,41,82
20.190.160.7,192.168.43.254,443,13121,TCP,41,51
20.190.160.7,192.168.43.254,443,13121,TCP,41,20
192.168.43.254,20.190.160.7,13121,443,TCP,41,33
20.190.160.7,192.168.43.254,443,13121,TCP,41,95
192.168.43.254,20.190.160.7,13121,443,TCP,41,32
20.190.160.7,192.168.43.254,443,13121,TCP,20,32
20.190.160.7,192.168.43.254,443,13121,TCP,1258,20
192.168.43.254,20.190.160.7,13121,443,TCP,88,537
192.168.43.254,20.190.160.7,13121,443,TCP,20,59
192.168.43.254,20.190.160.7,13121,443,TCP,120,355
20.190.160.7,192.168.43.254,443,13121,TCP,844,1420
20.190.160.7,192.168.43.254,443,13121,TCP,58,1420
192.168.43.254,108.177.119.189,59346,443,UDP,42,1420
108.177.119.189,192.168.43.254,443,59346,UDP,41,1268
192.168.43.254,192.168.43.1,49701,53,UDP,43,20
192.168.43.1,192.168.43.254,53,49701,UDP,1258,537
192.168.43.254,65.55.44.109,13122,443,TCP,87,20
65.55.44.109,192.168.43.254,443,13122,TCP,41,84
192.168.43.254,65.55.44.109,13122,443,TCP,1258,112
192.168.43.254,65.55.44.109,13122,443,TCP,41,332
65.55.44.109,192.168.43.254,443,13122,TCP,812,871
65.55.44.109,192.168.43.254,443,13122,TCP,42,20
65.55.44.109,192.168.43.254,443,13122,TCP,43,84
192.168.43.254,65.55.44.109,13122,443,TCP,41,33
65.55.44.109,192.168.43.254,443,13122,TCP,1000,20
192.168.43.254,65.55.44.109,13122,443,TCP,41,51
65.55.44.109,192.168.43.254,443,13122,TCP,43,20
192.168.43.254,13.107.22.200,13118,443,TCP,41,59
192.168.43.254,13.107.22.200,13118,443,TCP,1254,33
192.168.43.254,13.107.22.200,13118,443,TCP,1258,35
192.168.43.254,13.107.22.200,13118,443,TCP,1258,33
192.168.43.254,13.107.22.200,13118,443,TCP,292,33
192.168.43.254,13.107.22.200,13118,443,TCP,41,528
192.168.43.254,13.107.22.200,13118,443,TCP,43,252
192.168.43.254,13.107.22.200,13118,443,TCP,41,478
192.168.43.254,13.107.22.200,13118,443,TCP,20,220
192.168.43.254,13.107.22.200,13118,443,TCP,101,33
